misc_flawless_amethyst,최상급 자수정
misc_flawless_ruby,최상급 루비
misc_flawless_diamond,최상급 다이아
misc_flawless_topaz,최상급 토파즈
misc_flawless_emerald,최상급 에메랄드
misc_flawless_sapphire,최상급 사파이어
misc_flawless_skull,최상급 해골
gheeds_fortune,기드의 행운
arkaines_valor,아르케인의 용맹
rune_1_el,엘룬(1)
rune_2_eld,엘드룬(2)
rune_3_tir,티르룬(3)
rune_4_nef,네프룬(4)
rune_5_eth,에드룬(5)
rune_6_ith,아이드룬(6)
rune_7_tal,탈룬(7)
rune_8_ral,랄룬(8)
rune_9_ort,오르트룬(9)
rune_10_thul,주울룬(10)
rune_11_amn,앰룬(11)
rune_12_sol,솔룬(12)
rune_13_shael,샤엘룬(13)
rune_14_dol,돌룬(14)
rune_15_hel,헬룬(15)
rune_16_io,이오룬(16)
rune_17_lum,룸룬(17)
rune_18_ko,코룬(18)
rune_19_fal,팔룬(19)
rune_20_lem,렘룬(20)
rune_21_pul,풀룬(21)
rune_22_um,우움룬(22)
rune_23_mal,말룬(23)
rune_24_ist,이스트룬(24)
rune_25_gul,굴룬(25)
rune_26_vex,벡스룬(26)
rune_27_ohm,오움룬(27)
rune_28_lo,로룬(28)
rune_29_sur,수르룬(29)
rune_30_ber,베르룬(30)
rune_31_jah,자룬(31)
rune_32_cham,참룬(32)
rune_33_zod,조드룬(33)
Ring,반지
Amulets,목걸이
amulet,목걸이
Flail,프레일
Khalim's Flail,칼림의 도리깨
Khalim's Will,칼림의 의지
Khalim's Flail,칼림의 도리깨
Khalim's Will,칼림의 의지
Khalim's Eye,칼림의 눈
Khalim's Brain,칼림의 뇌
Khalim's Heart,칼림의 심장
Skillful,기술력
Cap,캡
Skull Cap,스컬 캡
Helm,헬름
Full Helm,풀 헬름
Great Helm,그레이트 헬름
Crown,크라운
Mask,마스크
Quilted Armor,퀼티드 아머
Leather Armor,레더 아머
Hard Leather Armor,하드 레더 아머
Studded Leather,스터디드 레더
Ring Mail,링 메일
Scale Mail,스케일 메일
Chain Mail,체인 메일
Breast Plate,브레스트 플레이트
Splint Mail,스플린트 메일
Plate Mail,플레이트 메일
Field Plate,필드 플레이트
Gothic Plate,고딕 플레이트
Full Plate Mail,풀 플레이트 메일
Ancient Armor,에인션트 아머
Light Plate,라이트 플레이트
Buckler,버클러
Small Shield,스몰 쉴드
Large Shield,라지 쉴드
Kite Shield,카이트 쉴드
Tower Shield,타워 쉴드
Gothic Shield,고딕 쉴드
Leather Gloves,레더 글러브
Heavy Gloves,헤비 글러브
Chain Gloves,체인 글러브
Light Gauntlets,라이트 건틀릿
Gauntlets,건틀릿
Boots,부츠
Heavy Boots,헤비 부츠
Chain Boots,체인 부츠
Light Plated Boots,라이트 플레이트 부츠
Greaves,그리브
Sash,새시
Light Belt,라이트 벨트
Belt,벨트
Heavy Belt,헤비 벨트
Plated Belt,플레이트 벨트
Bone Helm,본 헬름
Bone Shield,본 쉴드
Spiked Shield,스파이크 쉴드
Hand Axe,핸드 액스
Axe,액스
Double Axe,더블 액스
Military Pick,밀리터리 픽
War Axe,워 액스
Large Axe,라지 액스
Broad Axe,브로드 액스
Battle Axe,배틀 액스
Great Axe,그레이트 액스
Giant Axe,자이언트 액스
Wand,원드
Yew Wand,유 원드
Bone Wand,본 원드
Grim Wand,그림 원드
Club,클럽
Scepter,셉터
Grand Scepter,그랜드 셉터
War Scepter,워 셉터
Spiked Club,스파이크 클럽
Mace,메이스
Morning Star,모닝스타
War Hammer,워 해머
Maul,마울
Great Maul,그레이트 마울
Short Sword,숏소드
Scimitar,시미터
Sabre,세이버
Falchion,펄션
Crystal Sword,크리스탈 소드
Broad Sword,브로드소드
Long Sword,롱소드
War Sword,워 소드
Two-Handed Sword,투핸드 소드
Claymore,클레이모어
Giant Sword,자이언트 소드
Bastard Sword,바스타드 소드
Flamberge,플랑베르쥬
Great Sword,그레이트 소드
Dagger,대거
Dirk,더크
Kris,크리스
Blade,블레이드
Throwing Knife,스로잉 나이프
Throwing Axe,스로잉 액스
Balanced Knife,밸런스드 나이프
Balanced Axe,밸런스드 액스
Javelin,재벌린
Pilum,필럼
Short Spear,숏스피어
Glaive,글레이브
Throwing Spear,스로잉 스피어
Spear,스피어
Trident,트라이던트
Brandistock,브랜디스탁
Spetum,스페텀
Pike,파이크
Bardiche,바디쉬
Voulge,불즈
Scythe,싸이드
Poleaxe,폴액스
Halberd,헬버드
War Scythe,워 싸이드
Short Staff,숏스태프
Long Staff,롱스태프
Gnarled Staff,나알드 스태프
Battle Staff,배틀 스태프
War Staff,워 스태프
Short Bow,숏보우
Hunter's Bow,헌터보우
Long Bow,롱보우
Composite Bow,컴포지트 보우
Short Battle Bow,숏 배틀 보우
Long Battle Bow,롱 배틀 보우
Short War Bow,숏 워 보우
Long War Bow,롱 워 보우
Light Crossbow,라이트 크로스보우
Crossbow,크로스보우
Heavy Crossbow,헤비 크로스보우
Repeating Crossbow,리피팅 크로스보우
Barbed Shield,바브드 쉴드
Grim Shield,그림 쉴드
Grim Helm,그림 헬름
War Belt,워 벨트
Battle Belt,배틀 벨트
Mesh Belt,메쉬 벨트
Sharkskin Belt,샤크스킨 벨트
Demonhide Sash,데몬하이드 새시
War Boots,워 부츠
Battle Boots,배틀 부츠
Mesh Boots,메쉬 부츠
Sharkskin Boots,샤크스킨 부츠
Demonhide Boots,데몬하이드 부츠
Battle Gauntlets,배틀 건틀릿
Heavy Bracers,헤비 브레이서
Sharkskin Gloves,샤크스킨 글러브
Demonhide Gloves,데몬하이드 글러브
Ancient Shield,에인션트 쉴드
Pavise,파비스
Dragon Shield,드래곤 쉴드
Scutum,스큐텀
Round Shield,라운드 쉴드
Defender,디펜더
Mage Plate,메이지 플레이트
Ornate Plate,오네이트 플레이트
Chaos Armor,카오스 아머
Embossed Plate,임바스트 플레이트
Sharktooth Armor,샤크투스 아머
Templar Coat,템플러 코트
Russet Armor,러셋 아머
Cuirass,퀴래스
Mesh Armor,메쉬 아머
Tigulated Mail,티귤레이티드 메일
Linked Mail,링크드 메일
Trellised Armor,트렐리스드 아머
Demonhide Armor,데몬하이드 아머
Serpentskin Armor,서펀트스킨 아머
Ghost Armor,고스트 아머
Death Mask,데스 마스크
Grand Crown,그랜드 크라운
Basinet,배서넷
Casque,캐스크
Sallet,샐릿
War Hat,워 햇
Chu-Ko-Nu,추코누
Ballista,발리스타
Siege Crossbow,시즈 크로스보우
Arbalest,아발리스트
Gothic Bow,고딕 보우
Rune Bow,룬 보우
Large Siege Bow,라지 시즈 보우
Short Siege Bow,숏 시즈 보우
Double Bow,더블 보우
Cedar Bow,시더 보우
Razor Bow,레이저 보우
Edge Bow,엣지 보우
Rune Staff,룬 스태프
Gothic Staff,고딕 스태프
Cedar Staff,시더 스태프
Quarterstaff,쿼터스태프
Jo Staff,조 스태프
Grim Scythe,그림 싸이드
Bec-de-Corbin,벡드코방
Partizan,파르티잔
Battle Scythe,배틀 싸이드
Bill,빌
Lochaber Axe,로카버 액스
Lance,랜스
Yari,야리
War Fork,워 포크
Fuscina,푸스키나
War Spear,워 스피어
Harpoon,하푼
Spiculum,스피큘럼
Simbilan,심빌란
Great Pilum,그레이트 필럼
War Javelin,워 재벌린
Hurlbat,헐배트
War Dart,워 다트
Francisca,프란시스카
Battle Dart,배틀 다트
Cinquedeas,싱쿠디아
Rondel,런들
Poignard,포이나드
Executioner Sword,엑시큐셔너 소드
Zweihander,즈바이핸더
Tusk Sword,터스크 소드
Dacian Falx,다키안 팔크스
Espandon,에스팬돈
Ancient Sword,에인션트 소드
Rune Sword,룬 소드
Battle Sword,배틀 소드
Dimensional Blade,디멘셔널 블레이드
Tulwar,털워
Shamshir,샴쉬르
Cutlass,커틀러스
Gladius,글래디우스
Martel de Fer,마르텔 드 페르
War Club,워 클럽
Battle Hammer,배틀 해머
Knout,나우트
Jagged Star,재기드 스타
Flanged Mace,플랜지드 메이스
Barbed Club,바브드 클럽
Divine Scepter,디바인 셉터
Holy Water Sprinkler,홀리 워터 스프링클러
Rune Scepter,룬 셉터
Cudgel,커절
Grave Wand,그레이브 원드
Tomb Wand,툼 원드
Petrified Wand,페트리파이드 원드
Burnt Wand,번트 원드
Ancient Axe,에인션트 액스
Gothic Axe,고딕 액스
Tabar,타바
Bearded Axe,비어디드 액스
Military Axe,밀리터리 액스
Naga,나가
Crowbill,크로우빌
Twin Axe,트윈 액스
Cleaver,클리버
Hatchet,해칫
Gothic Sword,고딕 소드
Strangling Gas Potion,유독 가스 물약
Fulminating Potion,기폭 물약
Choking Gas Potion,질식 가스 물약
Exploding Potion,폭발 물약
Rancid Gas Potion,부패 가스 물약
Oil Potion,기름 물약
Gidbinn,기드빈
The Gidbinn,기드빈
Decoy Gidbinn,미끼 기드빈
Wirt's Leg,워트의 의족
Horadric Malus,호라드림 망치
Horadric Malus,호라드림 망치
Hell Forge Hammer,지옥의 대장간 망치
Horadric Staff,호라드림 지팡이
Shaft of the Horadric Staff,호라드림 지팡이 자루
Elixir,비약
Tome of Town Portal,마을 차원문의 고서
Scroll of Town Portal,마을 차원문의 두루마리
Tome of Identify,감별의 고서
Scroll of Identify,감별의 두루마리
Stamina Potion,지구력 물약
Antidote Potion,해독 물약
Rejuvenation Potion,활력 물약
Full Rejuvenation Potion,대량의 활력 물약
Thawing Potion,해동 물약
Top of the Horadric Staff,호라드림 지팡이 꼭지
Scroll of Inifuss,이니푸스의 두루마리
Key to the Cairn Stones,돌무덤 열쇠
Arrows,화살
Torch,횃불
Bolts,쇠뇌용 화살
Key,열쇠
Key,열쇠
The Black Tower Key,검은 탑 열쇠
A Jade Figurine,비취 조각상
The Golden Bird,황금 새
Lam Esen's Tome,람 에센의 고서
Lam Esen's Tome,람 에센의 고서
Horadric Cube,호라드림의 함
Horadric Scroll,호라드림의 두루마리
Mephisto's Soulstone,메피스토의 영혼석
Ear,귀
Chipped Amethyst,최하급 자수정
Flawed Amethyst,하급 자수정
Amethyst,자수정
Flawless Amethyst,상급 자수정
Perfect Amethyst,최상급 자수정
Chipped Topaz,최하급 토파즈
Flawed Topaz,하급 토파즈
Topaz,토파즈
Flawless Topaz,상급 토파즈
Perfect Topaz,최상급 토파즈
Chipped Sapphire,최하급 사파이어
Flawed Sapphire,하급 사파이어
Flawless Sapphire,상급 사파이어
Perfect Sapphire,최상급 사파이어
Chipped Emerald,최하급 에메랄드
Flawed Emerald,하급 에메랄드
Flawless Emerald,상급 에메랄드
Perfect Emerald,최상급 에메랄드
Chipped Ruby,최하급 루비
Flawed Ruby,하급 루비
Flawless Ruby,상급 루비
Perfect Ruby,최상급 루비
Chipped Diamond,최하급 다이아몬드
Flawed Diamond,하급 다이아몬드
Flawless Diamond,상급 다이아몬드
Perfect Diamond,최상급 다이아몬드
Minor Healing Potion,미량의 치유 물약
Light Healing Potion,소량의 치유 물약
Healing Potion,치유 물약
Greater Healing Potion,대량의 치유 물약
Super Healing Potion,초대량의 치유 물약
Minor Mana Potion,미량의 마나 물약
Light Mana Potion,소량의 마나 물약
Mana Potion,마나 물약
Greater Mana Potion,대량의 마나 물약
Super Mana Potion,초대량의 마나 물약
Chipped Skull,최하급 해골
Flawed Skull,하급 해골
Skull,해골
Flawless Skull,상급 해골
Perfect Skull,최상급 해골
Raven,큰까마귀의
Imp,임프의
Armageddon,대전쟁의
Saw,톱
Cry,울음
Visage,얼굴
Crest,관모
Circlet,써클릿
Veil,너울
Hood,두건
Mask,마스크
Brow,이마
Casque,캐스크
Visor,모자챙
Cowl,머리쓰개
Hide,날가죽
Pelt,털가죽
Carapace,갑각
Coat,외투
Wrap,싸개
Suit,성장
Cloak,망토
Shroud,장막
Jack,잭
Mantle,어깨걸이
Guard,보호구
Badge,증표
Rock,돌
Aegis,이지스
Ward,워드
Tower,탑
Shield,방패
Wing,날개
Mark,표적
Emblem,표징
Hand,손
Fist,주먹
Claw,손톱
Clutches,악력
Grip,손아귀
Grasp,손아귀
Hold,장악
Touch,손길
Finger,손가락
Knuckle,주먹 돌기
Shank,칼자루
Spur,쇠발톱
Tread,발 보호대
Stalker,추적자
Greaves,그리브
Blazer,퍼뜨리는 자
Nails,못
Trample,짓밟기
Brogues,가죽 신
Track,추격
Slippers,끌신
Clasp,악수
Buckle,띠쇠
Harness,허리 멜빵
Lock,자물쇠
Fringe,술
Winding,굽이
Chain,사슬
Lash,불채찍
Cord,노끈
Knot,매듭
Circle,원
Loop,고리
Eye,눈
Turn,회전
Spiral,나선
Coil,고리
Gyre,나선 고리
Band,가락지
Whorl,와상문
Talisman,영물
Heart,심장
Noose,올가미
Necklace,목걸이
Collar,목깃
Beads,구슬
Torc,목 장식
Gorget,목가리개
Wood,나무
Brand,낙인
Bludgeon,몽둥이
Cudgel,커절
Loom,베틀
Harp,하프
Master,장인
Bar,막대
Hew,절단
Crook,사기꾼
Mar,마르
Shell,껍질
Stake,대못
Picket,팻말
Pale,대못
Flange,무쇠테
Civerb's Vestments,시버브의 예복
Hsaru's Defense,흐사루의 방어
Cleglaw's Brace,클리글로의 버팀목
Iratha's Finery,이라타의 장식
Isenhart's Armory,아이젠하트의 무기고
Vidala's Rig,비달라의 장치
Milabrega's Regalia,밀라브레가의 상징
Cathan's Traps,카탄의 덫
Tancred's Battlegear,탄크레드의 전투 장비
Sigon's Complete Steel,시곤의 온전한 강철
Infernal Tools,지옥불 도구
Berserker's Arsenal,광전사의 무기고
Death's Disguise,죽음의 위장
Angelic Raiment,천사의 의복
Arctic Gear,극지 장비
Arcanna's Tricks,아르카나의 속임수
Ward,워드
Iron Heel,무쇠 발꿈치
Tooth,이빨
Collar,목깃
Lightbrand,빛의 낙인
Barb,미늘
Orb,보주
Rule,지배의
Crowbill,크로우빌
Visor,모자챙
Cranium,머리뼈
Headgear,머리 방어구
Hand,손
Sickle,갈고리 낫
Horn,뿔
Sign,표식
Icon,상징
Iron Fist,무쇠 주먹
Claw,손톱
Cuff,소매 장식
Parry,회피
Fetlock,구절
Rod,막대
Mesh,그물망
Spine,가시
Shelter,안식처
Torch,횃불
Hauberk,흉갑
Guard,보호구
Mantle,어깨걸이
Furs,모피
Deathwand,죽음마법봉
Cudgel,커절
Iron Stay,무쇠 고정대
Pincers,집게
Coil,고리
Case,통
Ambush,매복
Diadem,다이어뎀
Visage,얼굴
Hobnails,구두징
Gage,전투 장갑
Buckle,띠쇠
Hatchet,해칫
Touch,손길
Halo,후광
Binding,감개
Head,머리
Horns,뿔
Snare,덫
Robe,장포
Sigil,인장
Sabot,나막신
Wings,날개
Mitts,장갑
Flesh,살점
Cord,노끈
Seal,봉인
Skull,해골
Wrap,싸개
Guard,보호구
The Gnasher,갉아먹는 자
Deathspade,죽음의 날
Bladebone,칼날뼈
Skull Splitter,두개골 절단기
Rakescar,갈퀴흉터
Axe of Fechmar,페크마르의 도끼
Goreshovel,피투성이삽
The Chieftain,족장
Brainhew,뇌절단기
Humongous,무지막지
Torch of Iro,이로의 횃불
Maelstrom,소용돌이
Gravenspine,새김등뼈
Ume's Lament,우메의 탄식
Felloak,쓰러진 참나무
Knell Striker,종을 울리는 자
Rusthandle,녹슨손잡이
Stormeye,폭풍눈
Stoutnail,굵은못
Crushflange,분쇄테
Bloodrise,피오름
The General's Tan Do Li Ga,장군의 단도리깨
Ironstone,무쇠돌
Bonesnap,뼈절단기
Steeldriver,강철박이
Rixot's Keen,릭소트의 날카로움
Blood Crescent,피의 초승달
Skewer of Krintiz,크린티즈의 꼬챙이
Gleamscythe,서광칼낫
Azurewrath,푸른 서슬
Griswold's Edge,그리스월드의 날
Hellplague,지옥역병
Culwen's Point,컬웬의 날붙이
Shadowfang,그림자송곳니
Soulflay,영혼난도
Kinemil's Awl,키네밀의 송곳
Blacktongue,검은혀
Ripsaw,톱날검
The Patriarch,장로
Gull,속임수
The Diggler,디글러
The Jade Tan Do,비취 단도
Spectral Shard,혼령 파편
The Dragon Chang,용창
Razortine,서슬가지
Bloodthief,피도둑
Lance of Yaggai,야가이의 기병창
The Tannr Gorerod,탄르 고어로드
Dimoak's Hew,디모악의 절단
Steelgoad,강철 몰이막대
Soul Harvest,혼령 수확자
The Battlebranch,전투가지
Woestave,재앙의 지팡이
The Grim Reaper,사신의 낫
Bane Ash,재앙의 재
Serpent Lord,구렁이 군주
Spire of Lazarus,라자루스의 첨탑
The Salamander,불도마뱀
The Iron Jang Bong,무쇠 장봉
Pluckeye,눈살
Witherstring,마른시위
Raven Claw,큰까마귀 발톱
Rogue's Bow,도적의 활
Stormstrike,폭풍격
Wizendraw,슬기매김
Hellclap,지옥맞이
Blastbark,폭발껍질
Leadcrow,납까마귀
Ichorsting,신혈쐐기
Hellcast,지옥발사기
Doomslinger,멸궁
Biggin's Bonnet,비긴의 모자
Tarnhelm,타른헬름
Coif of Glory,영예의 두건모
Duskdeep,황혼심연
Wormskull,벌레두개골
Howltusk,울부짖는 엄니
Undead Crown,언데드 왕관
The Face of Horror,섬뜩한 얼굴
Greyform,회색 형체
Blinkbat's Form,점멸박쥐의 형상
The Centurion,백인대장
Twitchthroe,뒤틀린 단말마
Darkglow,어둠빛
Hawkmail,매 사슬갑옷
Sparking Mail,불꽃 튀는 사슬 갑옷
Venom Ward,맹독 호신부
Iceblink,얼음빛
Boneflesh,뼈살점
Rockfleece,바위털가죽
Rattlecage,성가신 철창
Goldskin,황금 가죽
Silks of the Victor,승자의 비단
Heavenly Garb,천상의 의복
Pelta Lunata,펠타 루나타
Umbral Disk,그림자 원반
Stormguild,폭풍길드
Wall of the Eyeless,눈 없는 자의 벽
Swordback Hold,검등 잡이
Steelclash,강철격돌
Bverrit Keep,브베리트 성채
The Ward,호신부
The Hand of Broc,브록의 손
Bloodfist,피주먹
Chance Guards,행운의 장갑
Magefist,마수
Frostburn,서리불꽃
Hotspur,다혈질
Gorefoot,핏덩이발
Treads of Cthon,크톤의 발 보호대
Goblin Toe,고블린 발가락
Tearhaunch,둔부찢개
Lenymo,레니모
Snakecord,뱀노끈
Nightsmoke,밤연기
Goldwrap,금박 허리띠
Bladebuckle,칼날 죔쇠
Nokozan Relic,노코잔 유물
The Eye of Etlich,에틀리크의 눈
The Mahim-Oak Curio,마힘오크 수집품
Nagelring,나겔링 반지
Manald Heal,마날드 치유 반지
Gorgethroat,숨통탐식자
Amulet of the Viper,독사의 목걸이
Staff of Kings,왕들의 지팡이
Horadric Staff,호라드림 지팡이
Hell Forge Hammer,지옥의 대장간 망치
The Stone of Jordan,요르단의 반지
Cain's Gibbet,케인의 교수대
Horazon's Journal,호라존의 일지
Jug,항아리
Rat's Nest,쥐굴
Bed,침대
Horazon's Journal,호라존의 일지
Wirt's body,워트의 시체
Bartuc's Cut-Throat,바르툭의 목 따개
Winged Helm,윙드 헬름
Hsarus' Defense,흐사루스의 방어
Civerb's Ward,시버브의 수호물
Civerb's Icon,시버브의 우상
Civerb's Cudgel,시버브의 곤봉
Hsarus' Iron Heel,흐사루스의 무쇠 발꿈치
Hsarus' Iron Fist,흐사루스의 무쇠 주먹
Hsarus' Iron Stay,흐사루스의 무쇠 고정대
Cleglaw's Tooth,클리글로의 이빨
Cleglaw's Claw,클리글로의 발톱
Cleglaw's Pincers,클리글로의 집게
Iratha's Cord,이라타의 노끈
Iratha's Coil,이라타의 고리
Iratha's Cuff,이라타의 소매 장식
Iratha's Collar,이라타의 목깃
Isenhart's Horns,아이젠하트의 뿔
Isenhart's Case,아이젠하트의 통
Isenhart's Parry,아이젠하트의 회피
Isenhart's Lightbrand,아이젠하트의 빛 낙인
Vidala's Snare,비달라의 덫
Vidala's Ambush,비달라의 매복
Vidala's Fetlock,비달라의 구절
Vidala's Barb,비달라의 미늘
Milabrega's Robe,밀라브레가의 장포
Milabrega's Diadem,밀라브레가의 머리관
Milabrega's Rod,밀라브레가의 막대
Milabrega's Orb,밀라브레가의 보주
Cathan's Seal,카탄의 문장
Cathan's Sigil,카탄의 인장
Cathan's Visage,카탄의 얼굴
Cathan's Mesh,카탄의 그물망
Cathan's Rule,카탄의 지배
Tancred's Crowbill,탄크레드의 크로우빌
Tancred's Spine,탄크레드의 가시
Tancred's Hobnails,탄크레드의 구두징
Tancred's Weird,탄크레드의 기묘
Tancred's Skull,탄크레드의 두개골
Sigon's Visor,시곤의 챙
Sigon's Shelter,시곤의 안식처
Sigon's Gage,시곤의 전투 장갑
Sigon's Sabot,시곤의 나막신
Sigon's Wrap,시곤의 싸개
Sigon's Guard,시곤의 보호구
Infernal Cranium,지옥불 두개골
Infernal Torch,지옥불 횃불
Infernal Sign,지옥불 징조
Berserker's Headgear,광전사의 머리 방어구
Berserker's Hauberk,광전사의 흉갑
Berserker's Hatchet,광전사의 해칫
Death's Hand,죽음의 손
Death's Guard,죽음의 경비
Death's Touch,죽음의 손길
Angelic Sickle,천사의 낫
Angelic Mantle,천사의 어깨걸이
Angelic Halo,천사의 후광
Angelic Wings,천사의 날개
Arctic Horn,극지 뿔
Arctic Furs,극지 모피
Arctic Binding,극지 허리띠
Arctic Mitts,극지 장갑
Arcanna's Sign,아르카나의 징조
Arcanna's Deathwand,아르카나의 죽음마법봉
Arcanna's Head,아르카나의 머리
Arcanna's Flesh,아르카나의 살점
Witchwild String,마녀림의 시위
Hellspawn Skull,헬스폰 스컬
Legendary Mallet,레전더리 맬릿
Berserker Axe,버서커 액스
War Gauntlets,워 건틀릿
Stiletto,스틸레토
Key of Terror,공포의 열쇠
Key of Hate,증오의 열쇠
Key of Destruction,파괴의 열쇠
Diablo's Horn,디아블로의 뿔
Baal's Eye,바알의 눈
Mephisto's Brain,메피스토의 뇌
Standard of Heroes,영웅들의 깃발
Hellfire Torch,지옥불 횃불
Twisted Essence of Suffering,뒤틀린 고통의 정수
Charged Essence of Hatred,차오른 증오의 정수
Burning Essence of Terror,불타는 공포의 정수
Festering Essence of Destruction,곪은 파괴의 정수
Katar,카타르
Wrist Blade,리스트 블레이드
Cestus,세스터스
Claws,클러
Blade Talons,블레이드 탤런
Scissors Katar,시저스 카타르
Quhab,쿠하브
Wrist Spike,리스트 스파이크
Fascia,패시아
Hand Scythe,핸드 사이드
Greater Claws,그레이터 클러
Greater Talons,그레이터 탤런
Scissors Quhab,시저스 쿠하브
Suwayyah,수웨이야
Wrist Sword,리스트 소드
War Fist,워 피스트
Battle Cestus,배틀 세스터스
Feral Claws,페럴 클러
Runic Talons,루닉 탤런
Scissors Suwayyah,시저스 수웨이야
Tomahawk,토마호크
Small Crescent,스몰 크레센트
Ettin Axe,에틴 액스
War Spike,워 스파이크
Feral Axe,페럴 액스
Silver-edged Axe,실버 엣지드 액스
Decapitator,디캐피테이터
Champion Axe,챔피언 액스
Glorious Axe,글로리어스 액스
Polished Wand,폴리시드 원드
Ghost Wand,고스트 원드
Lich Wand,리치 원드
Unearthed Wand,언어스드 원드
Truncheon,트런천
Mighty Scepter,마이티 셉터
Seraph Rod,세라프 로드
Caduceus,카두세우스
Tyrant Club,타이런트 클럽
Reinforced Mace,리인포스드 메이스
Devil Star,데빌 스타
Scourge,스컬지
Legendary Mallet,레전더리 맬릿
Ogre Maul,오우거 마울
Thunder Maul,썬더 마울
Falcata,팔카타
Ataghan,아타간
Elegant Blade,엘리건트 블레이드
Hydra Edge,히드라 엣지
Phase Blade,페이즈 블레이드
Conquest Sword,컨퀘스트 소드
Cryptic Sword,크립틱 소드
Mythical Sword,미시컬 소드
Legend Sword,레전드 소드
Highland Blade,하이랜드 블레이드
Balrog Blade,발록 블레이드
Champion Sword,챔피언 소드
Colossus Sword,콜로서스 소드
Colossus Blade,콜로서스 블레이드
Bone Knife,본 나이프
Mithril Point,미스릴 포인트
Fanged Knife,팽드 나이프
Legend Spike,레전드 스파이크
Flying Knife,플라잉 나이프
Flying Axe,플라잉 액스
Winged Knife,윙드 나이프
Winged Axe,윙드 액스
Hyperion Javelin,하이페리온 재벌린
Stygian Pilum,스티지언 필럼
Balrog Spear,발록 스피어
Ghost Glaive,고스트 글레이브
Winged Harpoon,윙드 하푼
Hyperion Spear,하이페리온 스피어
Stygian Pike,스티지언 파이크
Mancatcher,맨캐쳐
Ghost Spear,고스트 스피어
War Pike,워 파이크
Ogre Axe,오우거 액스
Colossus Voulge,콜로서스 불즈
Thresher,쓰레셔
Cryptic Axe,크립틱 액스
Great Poleaxe,그레이트 폴액스
Giant Thresher,자이언트 쓰레셔
Walking Stick,워킹 스틱
Stalagmite,스탈라그마이트
Elder Staff,엘더 스태프
Shillelagh,쉴레일리
Archon Staff,아콘 스태프
Spider Bow,스파이더 보우
Blade Bow,블레이드 보우
Shadow Bow,쉐도우 보우
Great Bow,그레이트 보우
Diamond Bow,다이아몬드 보우
Crusader Bow,크루세이더 보우
Ward Bow,워드 보우
Hydra Bow,히드라 보우
Pellet Bow,팰리트 보우
Gorgon Crossbow,고르곤 크로스보우
Colossus Crossbow,콜로서스 크로스보우
Demon Crossbow,데몬 크로스보우
Eagle Orb,이글 오브
Sacred Globe,세이크리드 글로브
Smoked Sphere,스모크드 스피어
Clasped Orb,클래스프드 오브
Wraps,두르개
Knuckles,주먹 돌기
Slashers,척살자
Splay,탈구
Hook,갈고리
Shank,칼자루
Claws,클러
Stag Bow,스태그 보우
Reflex Bow,리플렉스 보우
Maiden Spear,메이든 스피어
Maiden Pike,메이든 파이크
Maiden Javelin,메이든 재벌린
Glowing Orb,글로잉 오브
Crystalline Globe,크리스탈라인 글로브
Cloudy Sphere,클라우디 스피어
Sparkling Ball,스파클링 볼
Swirling Crystal,스월링 크리스탈
Ashwood Bow,애쉬우드 보우
Ceremonial Bow,세러모니얼 보우
Ceremonial Spear,세러모니얼 스피어
Ceremonial Pike,세러모니얼 파이크
Ceremonial Javelin,세러모니얼 재벌린
Heavenly Stone,헤븐리 스톤
Eldritch Orb,엘드리치 오브
Demon Heart,데몬 하트
Vortex Orb,볼텍스 오브
Dimensional Shard,디멘셔널 샤드
Matriarchal Bow,메이트리어컬 보우
Grand Matron Bow,그랜드 메이트런 보우
Matriarchal Spear,메이트리어컬 스피어
Matriarchal Pike,메이트리어컬 파이크
Matriarchal Javelin,메이트리어컬 재벌린
Falcon Mask,팔콘 마스크
Hawk Helm,호크 헬름
Antlers,앤틀러스
Wolf Head,울프 헤드
Spirit Mask,스피리트 마스크
Jawbone Cap,조우본 캡
Fanged Helm,팽드 헬름
Horned Helm,혼드 헬름
Assault Helmet,어썰트 헬멧
Avenger Guard,어벤저 가드
Targe,타아지
Rondache,론다쉬
Heraldic Shield,헤럴딕 쉴드
Aerin Shield,에어린 쉴드
Crown Shield,크라운 쉴드
Preserved Head,프리저브드 헤드
Zombie Head,좀비 헤드
Unraveller Head,언레이블러 헤드
Gargoyle Head,가고일 헤드
Demon Head,데몬 헤드
Circlet,써클릿
Coronet,코로니트
Tiara,티아라
Diadem,다이어뎀
Shako,샤코
Hydraskull,히드라스컬
Armet,아메트
Giant Conch,자이언트 칸크
Spired Helm,스파이어드 헬름
Corona,코로나
Demonhead,데몬헤드
Dusk Shroud,더스크 슈라우드
Wyrmhide,웜하이드
Scarab Husk,스캐럽 허스크
Wire Fleece,와이어 플리스
Diamond Mail,다이아몬드 메일
Loricated Mail,로러케이티드 메일
Boneweave,본위브
Great Hauberk,그레이트 허버크
Balrog Skin,발록 스킨
Hellforge Plate,헬포지 플레이트
Kraken Shell,크라켄 쉘
Lacquered Plate,래커드 플레이트
Shadow Plate,쉐도우 플레이트
Sacred Armor,세이크리드 아머
Archon Plate,아콘 플레이트
Heater,히터
Luna,루나
Hyperion,하이페리온
Monarch,모너크
Aegis,이지스
Ward,워드
Bramble Mitts,브램블 미트
Vampirebone Gloves,뱀파이어본 글러브
Vambraces,뱀브레이스
Crusader Gauntlets,크루세이더 건틀릿
Ogre Gauntlets,오우거 건틀릿
Wyrmhide Boots,웜하이드 부츠
Scarabshell Boots,스캐럽쉘 부츠
Boneweave Boots,본위브 부츠
Mirrored Boots,미러드 부츠
Myrmidon Greaves,뮈르미돈 그리브
Spiderweb Sash,스파이더웹 새시
Vampirefang Belt,뱀파이어팽 벨트
Mithril Coil,미스릴 코일
Troll Belt,트롤 벨트
Colossus Girdle,콜로서스 거들
Bone Visage,본 비지즈
Troll Nest,트롤 네스트
Blade Barrier,블레이드 배리어
Sacred Feathers,세이크리드 페더스
Griffon Headdress,그리폰 헤드레스
Hunter's Guise,헌터스 가이즈
Alpha Helm,알파 헬름
Totemic Mask,토테믹 마스크
Jawbone Visor,조우본 바이저
Lion Helm,라이온 헬름
Rage Mask,레이지 마스크
Savage Helmet,세비지 헬멧
Slayer Guard,슬레이어 가드
Akaran Targe,아카란 타아지
Akaran Rondache,아카란 론다쉬
Protector Shield,프로텍터 쉴드
Gilded Shield,길디드 쉴드
Royal Shield,로얄 쉴드
Mummified Trophy,머미파이드 트로피
Fetish Trophy,페티쉬 트로피
Sexton Trophy,섹스턴 트로피
Cantor Trophy,캔터 트로피
Hierophant Trophy,하이어러팬트 트로피
Sky Spirit,스카이 스피리트
Sun Spirit,선 스피리트
Earth Spirit,어스 스피리트
Blood Spirit,블러드 스피리트
Dream Spirit,드림 스피리트
Carnage Helm,카니지 헬름
Fury Visor,퓨리 바이저
Destroyer Helm,디스트로이어 헬름
Conqueror Crown,컨커러 크라운
Guardian Crown,가디언 크라운
Sacred Targe,세이크리드 타아지
Sacred Rondache,세이크리드 론다쉬
Zakarum Shield,자카룸 쉴드
Vortex Shield,볼텍스 쉴드
Minion Skull,미니언 스컬
Hellspawn Skull,헬스폰 스컬
Overseer Skull,오버시어 스컬
Succubus Skull,써큐버스 스컬
Bloodlord Skull,블러드로드 스컬
Jewel,주얼
Herb,약초
Small Charm,작은 부적
Large Charm,큰 부적
Grand Charm,거대 부적
Spleen,지라
Scalp,머릿가죽
Soul,영혼
Quill,쇠가시
Fang,송곳니
Flag,깃발
Tail,꼬리
Horn,뿔
Eye,눈
Jawbone,턱뼈
Brain,뇌
Heart,심장
Coldkill,차가운 죽음
Butcher's Cleaver,도살자 식칼
Butcher's Pupil,도살자의 제자
Islestrike,섬습격자
Pompeii's Wrath,폼페이의 진노
Guardian Naga,수호자 나가
Warlord's Trust,군장의 신뢰
Spellsteel,주문 강철
Stormrider,폭풍 기수
Boneslayer Blade,뼈학살자 칼날
The Minotaur,미노타우루스
Suicide Branch,자해의 가지
Cairn Shard,돌무덤 파편
Arm of King Leoric,레오릭 왕의 팔
Blackhand Key,검은손 열쇠
Dark Clan Crusher,어둠의 일족 분쇄자
Drulan's Tongue,드룰란의 혀
Zakarum's Hand,자카룸의 손
The Fetid Sprinkler,썩은 뿌리개
Hand of Blessed Light,축복받은 빛의 손
Fleshrender,살점 분쇄봉
Sureshrill Frost,외마디 서리
Moonfall,달내림
Baezil's Vortex,배질의 소용돌이
Earthshaker,대지진의 망치
Bloodtree Stump,피나무 그루터기
The Gavel of Pain,고통의 망치
Bloodletter,유혈자
Coldsteal Eye,추위도둑 눈
Hexfire,사술불길
Blade of Ali Baba,알리바바의 칼날
Riftslash,균열베기
Headstriker,머리분쇄기
Plague Bearer,역병 유발자
The Atlantean,아틀란티안
Crainte Vomir,공포 구토자
Bing Sz Wang,얼음의 왕
The Vile Husk,지독한 껍질
Cloudcrack,구름가르개
Todesfaelle Flamme,죽음나락 불길
Swordguard,검막이
Spineripper,척추적출자
Heart Carver,심장 도리개
Blackbog's Sharp,블랙보그의 날붙이
Stormspike,폭풍쐐기
The Impaler,꿰뚫는 자
Kelpie Snare,켈피 올가미
Soulfeast Tine,영혼포식 뿔
Hone Sundan,골 토막
Spire of Honor,명예의 첨탑
The Meat Scraper,고기 긁개
Blackleach Blade,검은거머리 칼날
Athena's Wrath,아테나의 진노
Pierre Tombale Couant,피에르 통발 쿠앙
Husoldal Evo,후솔달 에보
Grim's Burning Dead,사신의 불타는 망자
Ribcracker,늑골분쇄기
Chromatic Ire,찬란한 분노
Warpspear,왜곡창
Skull Collector,두개골 수집가
Skystrike,하늘일격
Kuko Shakaku,쿠코 샤카쿠
Endlesshail,끝없는 우박
Goldstrike Arch,황금일격 활
Langer Briser,랑거 브리저
Pus Spitter,고름 쏘개
Buriza-Do Kyanon,눈보라 포
Vampire Gaze,흡혈귀의 눈길
String of Ears,귀 꿰미
Gore Rider,선혈 기수
Lava Gout,용암 불똥
Venom Grip,맹독 손아귀
Visceratuant,적출자
Guardian Angel,수호 천사
Shaftstop,장대막이
Skin of the Vipermagi,독사마술사의 가죽
Blackhorn,검은뿔
Valkyrie Wing,발키리 날개
Peasant Crown,평민의 왕관
Demon Machine,악마의 기계
Magewrath,마술사의 진노
Cliffkiller,벼랑몰이
Riphook,파열갈고리
Razorswitch,서슬돌기
Meatscrape,고기 주걱
Coldsteel Eye,얼음강철 눈
Pitblood Thirst,구덩이피의 갈증
Gaya Wand,가야 마법봉
Ondal's Wisdom,온달의 지혜
Geronimo's Fury,제로니모의 분노
Charsi's Favor,찰시의 호의
Doppleganger's Shadow,도플갱어의 그림자
Deathbit,죽음조각
Warshrike,전쟁표창
Gut Siphon,내장 흡수
Razor's Edge,서슬푸른 날붙이
Stone Rattle,돌 딸랑이
Marrow Grinder,골수 분쇄자
Gore Ripper,피칠갑
Bush Wacker,덤불 매복자
Demon Limb,악마의 사지
Steel Shade,강철 그늘
Tomb Reaver,무덤 강탈자
Death's Web,죽음의 거미줄
Gaia's Wrath,가이아의 진노
Khalim's Vengeance,칼림의 복수
Angel's Song,천사의 노래
The Redeemer,구원자
Fleshbone,살뼈
Odium,혐오
Blood Comet,피의 혜성
Bonehew,뼈자르개
Steelrend,강철찢개
Stone Crusher,돌 분쇄자
Bul-Kathos' Might,불카토스의 힘
Arioc's Needle,아리옥의 바늘
Shadow Dancer,그림자 춤꾼
Indiego's Fancy,인디에고의 공상
Aladdin's Eviscerator,알라딘의 적출자
Tyrael's Mercy,티리엘의 자비
Soul Drainer,영혼 흡수자
Rune Master,룬 지배자
Death Cleaver,죽음 가르개
Executioner's Justice,집행자의 정의
Wallace's Tear,월리스의 눈물
Leviathan,거대괴수
The Wanderer's Blade,방랑자의 칼날
Qual-Khek's Enforcer,콸케크의 집행자
Dawn Bringer,새벽의 인도자
Dragontooth,용이빨
Wisp Projector,위습 투사기
Gargoyle's Bite,가고일의 이빨
Lacerator,난도질 도끼
Mang Song's Lesson,망 송의 가르침
Viperfork,맹독갈퀴
Blood Chalice,피의 성배
El Espiritu,엘 에르피리투
The Longest Rod,가장 긴 막대
Demonhorn's Edge,악마뿔의 날
The Ensanguinator,피칠갑
The Reaper's Toll,사신의 종소리
Spirit Keeper,영혼 수호자
Hellrack,지옥포
Alma Negra,알마 네그라
Darkforce Spawn,어둠의 종자
Rockhew,바위깎이
Sankekur's Resurrection,산케쿠르의 부활
Erion's Bonehandle,에리온의 뼈손잡이
The Achron Magus,아크론 마술사
Widowmaker,과부제조기
Catgut,고양이창자
Ghostflame,유령불꽃
Shadow Killer,죽음의 그림자
Bling Bling,반짝반짝
Nebuchadnezzar's Storm,네부카드네자르의 폭풍
Griffon's Eye,그리폰의 눈
Eaglewind,수리바람
Windhammer,바람망치
Thunderstroke,천둥일격
Giant Maimer,거대 파쇄자
Demon's Arch,악마의 호
The Scalper,무두도끼
Bloodmoon,핏빛 달
Djinn Slayer,신령 학살자
Cranebeak,학부리
Iansang's Frenzy,이안상의 광분
Warhound,투견
Gulletwound,멱따기
Head Hunter's Glory,머리 사냥꾼의 영예
Mordoc's Marauder,모르도크의 습격자
Talberd's Law,탤버드의 규율
Amodeus' Manipulator,아모데우스의 조작자
Darksoul,어둠혼
The Black Adder,검은 살모사
Earth Shifter,대지 변형자
Nature's Peace,자연의 평화
Horazon's Chalice,호라존의 성배
Seraph's Hymn,천사의 찬송가
Zakarum's Salvation,자카룸의 구원
Fleshripper,살점갈퀴
Stonerage,돌분노
Blood Rain,핏빛 비
Horizon's Tornado,지평선의 회오리
Nord's Tenderizer,노르드의 고기 방망이
Wrath of Cain,케인의 진노
Siren's Call,세이렌의 부름
Jade Talon,비취 발톱
Wraithfang,망령송곳니
Blade Master,날의 달인
Cerebus' Bite,세레부스의 이빨
Arch-angel's Deliverance,대천사의 구원
Sinblade,죄악검
Rune Slayer,룬 학살자
Excalibur,엑스칼리버
Fuego Del Sol,태양의 힘
Stoneraven,돌까마귀
El Infierno,불지옥
Moonrend,달분쇄기
Larzuk's Champion,라르주크의 용사
Nightsummon,밤부름
Bonescalpel,뼈 비수
Rabbit Slayer,토끼 학살자
Pagan's Athame,이교도의 의식용 칼
The Swashbuckler,허세꾼
Kang's Virtue,강의 미덕
Snake Tongue,뱀 혓바닥
Lifechoke,숨조르기
Ethereal Edge,무형의 날붙이
Palo Grande,큰 막대
Carnage Leaver,대학살을 남기는 자
Ghost Leach,유령 침출
Soul Reaper,영혼 수확자
Samuel's Caretaker,사무엘의 관리인
Hell Whisper,지옥의 속삭임
The Harvester,수확자
Raiden's Crutch,라이덴의 목발
The Treentster,트린트스터
Stormwillow,폭풍버들
Moon Shadow,달 그림자
Demonweb,악마거미줄
Blood Raven's Charge,핏빛 큰까마귀의 돌진
Shade Falcon,그늘 매
Robin's Yolk,울새의 노른자
Glimmershred,아른날
Wraith Flight,망령의 비행
Lestron's Mark,레스트론의 표식
Banshee's Wail,밴시의 비명
Windstrike,풍격
Medusa's Gaze,메두사의 눈길
Titan's Fist,거인의 주먹
Hadeshorn,저승뿔
Rockstopper,바위막이
Stealskull,두개골 도둑
Darksight Helm,어둑눈 투구
Crown of Thieves,도둑의 왕관
Blackhorn's Face,블랙혼의 얼굴
The Spirit Shroud,혼령 장막
Skin of Flayed One,벗겨진 자의 가죽
Iron Pelt,무쇠 털가죽
Spirit Forge,영혼의 용광로
Crow Caw,까마귀 울음
Duriel's Shell,두리엘의 껍질
Skullder's Ire,스쿨더의 분노
Toothrow,강철니
Atma's Wail,아트마의 통곡
Black Hades,검은 하데스
Corpsemourn,망자의 애도
Que-Hegan's Wisdom,쿠에 히간의 지혜
Moser's Blessed Circle,모저의 축복받은 고리
Stormchaser,폭풍추격자
Tiamat's Rebuke,티아마트의 질책
Gerke's Sanctuary,게르케의 성역
Radament's Sphere,라다먼트의 명주
Gravepalm,무덤손바닥
Ghoulhide,구울 가죽
Hellmouth,지옥어귀
Infernostride,지옥불걸음
Waterwalk,물나그네
Silkweave,비단매듭
War Traveler,전쟁 여행자
Razortail,서슬꼬리
Gloom's Trap,어스름의 덫
Snowclash,눈싸움
Thundergod's Vigor,천둥신의 박력
Lidless Wall,각성의 벽
Lance Guard,기병창 보호구
Squire's Cover,견습생의 덮개
Boneflame,뼈불길
Steel Pillar,강철 기둥
Nightwing's Veil,밤날개의 너울
Hightower's Watch,높은 탑의 감시
Crown of Ages,시대의 왕관
Andariel's Visage,안다리엘의 두개골
Darkfear,어둠공포
Dragonscale,용비늘
Steel Carapace,강철 갑피
Asheara's Wired Frame,아시아라의 철사 장식
Rainbow Facet,무지개 자락
Ravenlore,까마귀전승
Boneshade,뼈그늘
Nethercrow,황천까마귀
Hell Warden's Husk,지옥 파수꾼의 껍데기
Flamebellow,기염검
Death's Fathom,죽음의 깊이
Wolfhowl,울부짖는 늑대
Spirit Ward,혼령 호신부
Kira's Guardian,키라의 수호자
Ormus' Robe,오르무스의 장포
Gheed's Fortune,기드의 행운
The Vicar,목사
Stormlash,폭풍채찍
Halaberd's Reign,할라버드의 통치
Parkersor's Calm,파커소르의 고요
Warriv's Warder,와리브의 보초
Spike Thorn,쐐기 가시
Dracul's Grasp,드라쿨의 손아귀
Frostwind,서리바람
Templar's Might,기사단의 위세
Eschuta's Temper,에슈타의 성미
Firelizard's Talons,불도마뱀의 발톱
Sandstorm Trek,모래폭풍 여로
Marrowwalk,골수걸음
Heaven's Light,천상의 빛
Merman's Sprocket,인어의 사슬톱니
Arachnid Mesh,거미 그물띠
Nosferatu's Coil,노스페라투의 고리
Metalite's Girth,메탈라이트의 끈
Verdungo's Hearty Cord,베르둔고의 튼튼한 노끈
Siggard's Stealth,시가르드의 은폐
Carrion Wind,부패의 바람
Giant Skull,거인 두개골
Astreon's Iron Ward,아스트레온의 무쇠 호신부
Gillian's Brazier,길리언의 화로
Drakeflame,비룡불길
Dust Storm,먼지 폭풍
Skulltred,스컬트레드
Alma's Reflection,알마의 심사숙고
Drulan's Tongue,드룰란의 혀
Sacred Charge,신성한 돌진
Bul-Kathos,불카토스
Saracen's Chance,사라센의 기회
Highlord's Wrath,대군주의 진노
Raven Frost,칠흑 서리
Dwarf Star,왜성
Atma's Scarab,아트마의 스카라베
Mara's Kaleidoscope,마라의 만화경
Crescent Moon,초승달
The Rising Sun,떠오르는 태양
The Cat's Eye,고양이 눈
Bul-Kathos' Wedding Band,불카토스의 결혼반지
Rings,반지
Metalgrid,금속 격자
Stormshield,폭풍막이
Blackoak Shield,검은참나무 방패
Ormus' Robes,오르무스의 장포
Arkaine's Valor,아르케인의 용맹
The Gladiator's Bane,검투사의 재앙
Veil of Steel,강철의 베일
Harlequin Crest,할리퀸 관모
Lance Guard,기병창 보호구
Gerke's Sanctuary,게르케의 성역
Moser's Blessed Circle,모저의 축복받은 고리
Que-Hegan's Wisdom,쿠에 히간의 지혜
Guardian Angel,수호 천사
Skin of the Flayed One,벗겨진 자의 가죽
Armor,갑옷
Windforce,바람살
Eaglehorn,수리뿔
Gimmershred,아른날
Widowmaker,과부제조기
Stormspire,폭풍첨탑
Naj's Puzzler,나즈의 수수께끼
Ethereal Edge,무형의 날붙이
Wizardspike,마법사의 쐐기검
The Grandfather,한아비
Doombringer,궤멸자
Tyrael's Might,티리엘의 권능
Lightsabre,라이트세이버
The Cranium Basher,두개골 분쇄망치
Schaefer's Hammer,섀퍼의 망치
Baranar's Star,바라나르의 별
Death's Web,죽음의 거미줄
Messerschmidt's Reaver,메서슈미트의 도끼
Hellslayer,지옥학살자
Endlesshail,끝없는 우박
The Atlantean,아틀란티안
Riftlash,균열채찍
Baezil's Vortex,배질의 소용돌이
Zakarum's Hand,자카룸의 손
Carin Shard,카린 파편
The Minotaur,미노타우루스
Trang-Oul's Avatar,트래그울의 화신
Trang-Oul's Guise,트래그울의 허울
Trang-Oul's Wing,트래그울의 날개
Trang-Oul's Mask,트래그울의 가면
Trang-Oul's Scales,트래그울의 비늘
Trang-Oul's Claws,트래그울의 발톱
Trang-Oul's Girth,트래그울의 끈
Natalya's Odium,나탈랴의 혐오
Natalya's Totem,나탈랴의 토템
Natalya's Mark,나탈랴의 표식
Natalya's Shadow,나탈랴의 그림자
Natalya's Soul,나탈랴의 영혼
Griswold's Legacy,그리스월드의 유산
Griswold's Redemption,그리스월드의 구원
Griswold's Honor,그리스월드의 명예
Griswold's Heart,그리스월드의 심장
Griswold's Valor,그리스월드의 용맹
Tang's Imperial Robes,탕의 황실 장포
Tang's Fore-Fathers,탕의 선조들
Tang's Rule,탕의 지배
Tang's Throne,탕의 왕좌
Tang's Battle Standard,탕의 전투 깃발
Ogun's Fierce Visage,오군의 맹렬한 얼굴
Ogun's Shadow,오군의 그림자
Ogun's Lash,오군의 채찍
Ogun's Vengeance,오군의 복수
Bul-Kathos' Warden,불카토스의 파수꾼
Bul-Kathos' Children,불카토스의 자손
Bul-Kathos' Sacred Charge,불카토스의 신성한 임무
Bul-Kathos' Tribal Guardian,불카토스의 부족 수호자
Bul-Kathos' Custodian,불카토스의 관리인
Flowkrad's Howl,플로우크라드의 울부짖음
Flowkrad's Grin,플로우크라드의 웃음
Flowkrad's Fur,플로우크라드의 모피
Flowkrad's Paws,플로우크라드의 앞발
Flowkrad's Sinew,플로우크라드의 힘줄
Aldur's Watchtower,알두르의 감시탑
Aldur's Stony Gaze,알두르의 냉랭한 눈길
Aldur's Deception,알두르의 기만
Aldur's Gauntlet,알두르의 건틀릿
Aldur's Advance,알두르의 진보
M'avina's Battle Hymn,마비나의 전투 찬가
M'avina's True Sight,마비나의 진실의 눈
M'avina's Embrace,마비나의 포옹
M'avina's Icy Clutch,마비나의 얼음 같은 손길
M'avina's Tenet,마비나의 신조
M'avina's Caster,마비나의 활
Sazabi's Grand Tribute,사자비의 대공물
Sazabi's Cobalt Redeemer,사자비의 코발트 구원자
Sazabi's Ghost Liberator,사자비의 유령 해방자
Sazabi's Mental Sheath,사자비의 정신 보호구
Hwanin's Majesty,환인의 위엄
Hwanin's Justice,환인의 정의
Hwanin's Splendor,환인의 광채
Hwanin's Refuge,환인의 피난처
Hwanin's Cordon,환인의 저지선
The Disciple,사도
Telling of Beads,구슬 묵주
Laying of Hands,안수
Rite of Passage,통과의례
Dark Adherent,어둠의 추종자
Credendum,신조
Cow King's Leathers,젖소 왕의 보호구
Cow King's Horns,젖소 왕의 뿔
Cow King's Hide,젖소 왕의 날가죽
Cow King's Hooves,젖소 왕의 발굽
Aragon's Masterpiece,아라곤의 걸작
Aragon's Sunfire,아라곤의 태양불꽃
Aragon's Icy Stare,아라곤의 차가운 눈빛
Aragon's Storm Cloud,아라곤의 폭풍 구름
Orphan's Call,고아의 부름
Guillaume's Face,기욤의 얼굴
Willhelm's Pride,빌헬름의 자부심
Magnus' Skin,마그누스의 가죽
Whitstan's Guard,위트스탄의 보호구
Titan's Revenge,거인의 복수
Shakabra's Crux,샤카브라의 급소
Lycander's Aim,라이칸더의 조준
Shadow Touch,그림자 손길
The Prowler,배회자
Mortal Crescent,필멸의 초승달
Bartuc's Chop Chop,바르툭의 썰개
Samurai Justice,무사의 정의
Annihilus,어나이얼러스
Arreat's Face,아리앗의 얼굴
The Harbinger,선구자
Doomseer,파멸 예언자
Howling Visage,울부짖는 얼굴
Terra's Guardian,테라의 수호자
Triad's Foliage,셋의 잎
Jalal's Mane,잘랄의 갈기
Malignant Skull,악의 어린 두개골
Apothecary's Tote,약제사의 짐
Apocrypha,외경
Foci of the Vizjerei,비제레이의 초점
Homunculus,호문쿨루스
Aurora's Guard,오로라의 보호구
Crest of Morn,아침의 문장
Herald of Zakarum,자카룸의 전령
Akarat's Protector,아카라트의 수호자
Ancient Eye,고대 눈
Globe of the Vizjerei,비제레이의 구체
The Oculus,망울
Phoenix Egg,불사조 알
Xenos,제노스
Nagas,나가스
Wyvern's Head,와이번 머리
Sightless Veil,보이지 않는 너울
%0 %1,%0 %1
Jared's Stone,자레드 스톤
Kurast Shield,쿠라스트 쉴드
Hatchet Hands,해칫 핸즈
Class-specific,직업 전용
Frozen Anya,얼어붙은 안야
Scroll of Knowledge,지식의 두루마리
Tal Rasha's Wrappings,탈 라샤의 수의
Tal Rasha's Fine-Spun Cloth,탈 라샤의 고운 띠
Tal Rasha's Adjudication,탈 라샤의 선고
Tal Rasha's Guardianship,탈 라샤의 보호
Tal Rasha's Lidless Eye,탈 라샤의 잠들지 않는 눈
Tal Rasha's Horadric Crest,탈 라샤의 호라드림 관모
Hwanin's Blessing,환인의 축복
Heaven's Brethren,천상의 동포
Dangoon's Teaching,단군의 가르침
Ondal's Almighty,온달의 사랑
Taebaek's Glory,태백의 영예
Haemosu's Adamant,해모수의 견고
Lycander's Flank,라이칸더의 측방
Constricting Ring,죄어오는 반지
Ginther's Rift,긴터의 균열
Naj's Ancient Vestige,나즈의 고대 흔적
Naj's Light Plate,나즈의 경판갑
Naj's Circlet,나즈의 띠관
McAuley's Superstition,매컬리의 미신
McAuley's Taboo,매컬리의 금기
McAuley's Basis,매컬리의 기반
McAuley's Pledge,매컬리의 서약
McAuley's Folly,매컬리의 어리석음
Ghost Liberator,유령 해방자
Wilhelm's Pride,빌헬름의 자부심
Immortal King's Stone Crusher,불멸왕의 파석추
Immortal King's Pillar,불멸왕의 기둥
Immortal King's Forge,불멸왕의 용광로
Immortal King's Detail,불멸왕의 장식띠
Immortal King's Soul Cage,불멸왕의 영혼집
Immortal King's Will,불멸왕의 의지
Immortal King,불멸왕
Aldur's Rhythm,알두르의 운율
Korlic the Protector,보호자 콜릭
Madawc the Guardian,감시자 마도크
Talic the Defender,수호자 탈릭
The Butcher,도살자
The Baker,굽는 자
The Candlestick Maker,양초 장인
Death Mage,죽음의 마술사
Festering Appendages,부패한 촉수
Sander's Superstition,샌더의 미신
Sander's Taboo,샌더의 금기
Sander's Riprap,샌더의 사석
Sander's Paragon,샌더의 귀감
Sander's Folly,샌더의 어리석음
Moe,모오
